GEO_ID,NAME,totpop,u5,5t9,10t14,15t19,20t24,25t34,35t44,45t54,55t64,65t74,75t84,85p
12086000107,"Census Tract 1.07, Miami-Dade County, Florida",2699,39,128,49,70,77,452,303,479,418,515,125,44
12086000109,"Census Tract 1.09, Miami-Dade County, Florida",2991,184,127,140,318,213,394,484,473,448,174,36,0
12086000113,"Census Tract 1.13, Miami-Dade County, Florida",7966,207,278,341,203,284,1056,1280,1098,1140,1192,570,317
12086000115,"Census Tract 1.15, Miami-Dade County, Florida",2713,159,91,162,120,365,371,227,361,378,226,185,68
12086000118,"Census Tract 1.18, Miami-Dade County, Florida",977,32,45,19,58,37,55,106,149,190,165,100,21
12086000119,"Census Tract 1.19, Miami-Dade County, Florida",4082,119,118,238,103,157,379,422,690,751,522,307,276
12086000120,"Census Tract 1.20, Miami-Dade County, Florida",4331,136,160,351,185,221,448,714,880,615,284,218,119
12086000121,"Census Tract 1.21, Miami-Dade County, Florida",1397,69,96,45,20,74,167,77,108,238,268,179,56
12086000122,"Census Tract 1.22, Miami-Dade County, Florida",4348,344,176,39,170,61,427,484,579,769,523,439,337
12086000123,"Census Tract 1.23, Miami-Dade County, Florida",4157,136,140,134,155,109,531,477,569,657,692,407,150
12086000124,"Census Tract 1.24, Miami-Dade County, Florida",3199,174,131,96,318,464,523,380,422,378,224,31,58
12086000125,"Census Tract 1.25, Miami-Dade County, Florida",2930,194,198,60,9,134,463,259,321,630,279,252,131
12086000126,"Census Tract 1.26, Miami-Dade County, Florida",2313,39,31,156,35,64,171,155,218,611,379,237,217
12086000127,"Census Tract 1.27, Miami-Dade County, Florida",2723,102,159,190,117,65,308,426,332,378,288,261,97
12086000128,"Census Tract 1.28, Miami-Dade County, Florida",3021,134,74,122,169,257,432,375,667,456,221,106,8
12086000129,"Census Tract 1.29, Miami-Dade County, Florida",2079,15,59,127,47,50,51,133,246,351,555,334,111
12086000130,"Census Tract 1.30, Miami-Dade County, Florida",2599,64,92,88,86,18,359,309,220,472,418,285,188
12086000131,"Census Tract 1.31, Miami-Dade County, Florida",3789,165,288,182,194,131,429,787,573,406,340,175,119
12086000132,"Census Tract 1.32, Miami-Dade County, Florida",4237,151,83,121,65,55,313,252,538,681,930,671,377
12086000133,"Census Tract 1.33, Miami-Dade County, Florida",6571,130,308,481,316,451,265,985,1244,990,874,365,162
12086000134,"Census Tract 1.34, Miami-Dade County, Florida",2834,54,136,116,58,240,313,260,469,462,370,229,127
12086000140,"Census Tract 1.40, Miami-Dade County, Florida",4213,165,296,265,86,132,721,839,806,600,198,65,40
12086000202,"Census Tract 2.02, Miami-Dade County, Florida",6717,372,328,536,361,420,989,809,968,921,498,262,253
12086000204,"Census Tract 2.04, Miami-Dade County, Florida",4873,204,272,312,162,339,1080,427,735,667,384,141,150
12086000206,"Census Tract 2.06, Miami-Dade County, Florida",6226,328,497,296,614,452,865,724,851,764,384,207,244
12086000209,"Census Tract 2.09, Miami-Dade County, Florida",9245,1028,536,759,483,588,1347,1269,1224,1038,537,335,101
12086000211,"Census Tract 2.11, Miami-Dade County, Florida",2812,107,127,155,231,212,467,417,374,353,263,73,33
12086000212,"Census Tract 2.12, Miami-Dade County, Florida",4709,404,253,269,182,495,811,770,596,542,234,96,57
12086000213,"Census Tract 2.13, Miami-Dade County, Florida",5005,359,469,361,352,369,690,395,880,452,439,188,51
12086000214,"Census Tract 2.14, Miami-Dade County, Florida",6754,711,716,342,625,312,1071,856,741,578,410,214,178
12086000215,"Census Tract 2.15, Miami-Dade County, Florida",4197,314,278,332,308,156,715,675,384,388,478,79,90
12086000216,"Census Tract 2.16, Miami-Dade County, Florida",4954,223,109,400,282,593,1023,485,400,804,475,56,104
12086000217,"Census Tract 2.17, Miami-Dade County, Florida",6545,531,411,413,532,513,1062,879,925,485,474,232,88
12086000218,"Census Tract 2.18, Miami-Dade County, Florida",3873,305,208,292,339,373,454,531,474,499,226,128,44
12086000219,"Census Tract 2.19, Miami-Dade County, Florida",5241,593,368,228,301,408,1195,703,371,618,240,176,40
12086000220,"Census Tract 2.20, Miami-Dade County, Florida",4674,407,165,309,312,205,819,869,650,422,352,148,16
12086000301,"Census Tract 3.01, Miami-Dade County, Florida",7769,828,461,192,423,399,1609,1017,546,1114,601,465,114
12086000302,"Census Tract 3.02, Miami-Dade County, Florida",2610,205,169,138,51,264,343,288,343,417,283,106,3
12086000305,"Census Tract 3.05, Miami-Dade County, Florida",8257,618,578,706,478,517,1164,1430,873,993,485,310,105
12086000306,"Census Tract 3.06, Miami-Dade County, Florida",5235,437,319,313,281,338,797,567,808,663,453,150,109
12086000307,"Census Tract 3.07, Miami-Dade County, Florida",4536,161,145,159,229,298,1065,445,407,820,406,303,98
12086000308,"Census Tract 3.08, Miami-Dade County, Florida",5681,321,259,356,399,420,952,770,560,893,504,192,55
12086000402,"Census Tract 4.02, Miami-Dade County, Florida",3713,179,245,311,254,423,650,326,396,727,28,96,78
12086000403,"Census Tract 4.03, Miami-Dade County, Florida",7829,572,362,574,377,780,1412,548,1304,953,468,382,97
12086000404,"Census Tract 4.04, Miami-Dade County, Florida",7219,346,532,683,453,554,522,1237,789,710,1058,312,23
12086000405,"Census Tract 4.05, Miami-Dade County, Florida",4157,202,149,283,384,325,637,359,607,638,377,100,96
12086000408,"Census Tract 4.08, Miami-Dade County, Florida",5858,371,418,458,334,477,887,586,677,829,614,132,75
12086000409,"Census Tract 4.09, Miami-Dade County, Florida",4995,377,254,438,315,478,919,474,712,458,390,112,68
12086000410,"Census Tract 4.10, Miami-Dade County, Florida",4444,245,379,248,213,335,670,449,562,645,390,218,90
12086000411,"Census Tract 4.11, Miami-Dade County, Florida",5418,523,346,305,385,390,703,1019,632,538,463,103,11
12086000412,"Census Tract 4.12, Miami-Dade County, Florida",7164,439,659,772,506,428,965,662,695,949,726,288,75
12086000413,"Census Tract 4.13, Miami-Dade County, Florida",4908,364,248,340,376,406,1023,527,515,614,287,163,45
12086000414,"Census Tract 4.14, Miami-Dade County, Florida",4676,316,302,197,317,554,395,927,452,678,239,228,71
12086000501,"Census Tract 5.01, Miami-Dade County, Florida",7093,433,357,520,683,802,908,778,870,774,576,319,73
12086000503,"Census Tract 5.03, Miami-Dade County, Florida",7548,379,522,882,727,552,922,975,1362,574,510,97,46
12086000504,"Census Tract 5.04, Miami-Dade County, Florida",4896,410,364,363,229,191,728,374,559,610,649,312,107
12086000505,"Census Tract 5.05, Miami-Dade County, Florida",6005,174,343,381,356,480,585,864,881,746,608,360,227
12086000601,"Census Tract 6.01, Miami-Dade County, Florida",4924,202,200,227,193,257,693,607,923,500,502,463,157
12086000602,"Census Tract 6.02, Miami-Dade County, Florida",5534,440,214,178,365,401,515,786,1057,588,485,344,161
12086000603,"Census Tract 6.03, Miami-Dade County, Florida",4983,118,162,197,269,294,607,817,811,643,503,414,148
12086000604,"Census Tract 6.04, Miami-Dade County, Florida",6216,188,380,236,306,413,730,577,1151,901,495,568,271
12086000605,"Census Tract 6.05, Miami-Dade County, Florida",4494,244,124,205,193,194,560,644,653,663,402,391,221
12086000607,"Census Tract 6.07, Miami-Dade County, Florida",4509,194,139,261,96,203,523,560,591,623,609,533,177
12086000608,"Census Tract 6.08, Miami-Dade County, Florida",6678,369,81,327,118,488,962,425,1275,931,1174,407,121
12086000705,"Census Tract 7.05, Miami-Dade County, Florida",5101,220,193,200,320,97,539,515,822,731,556,605,303
12086000706,"Census Tract 7.06, Miami-Dade County, Florida",7910,130,263,667,531,522,847,1218,1080,792,773,688,399
12086000707,"Census Tract 7.07, Miami-Dade County, Florida",7012,182,239,409,530,454,826,773,1154,721,945,508,271
12086000708,"Census Tract 7.08, Miami-Dade County, Florida",6116,263,176,206,232,169,941,779,1063,809,533,479,466
12086000709,"Census Tract 7.09, Miami-Dade County, Florida",6687,415,242,250,332,216,623,971,902,1026,801,541,368
12086000710,"Census Tract 7.10, Miami-Dade County, Florida",5394,228,251,241,311,300,745,798,818,482,709,430,81
12086000711,"Census Tract 7.11, Miami-Dade County, Florida",6236,277,297,390,252,400,785,619,1268,808,596,460,84
12086000712,"Census Tract 7.12, Miami-Dade County, Florida",2457,57,137,107,109,227,426,359,345,342,149,123,76
12086000804,"Census Tract 8.04, Miami-Dade County, Florida",4750,161,231,148,195,412,564,553,828,581,488,370,219
12086000805,"Census Tract 8.05, Miami-Dade County, Florida",5865,308,313,262,227,280,671,634,899,809,657,511,294
12086000806,"Census Tract 8.06, Miami-Dade County, Florida",4775,227,139,265,185,236,514,503,807,490,592,474,343
12086000807,"Census Tract 8.07, Miami-Dade County, Florida",3893,195,220,106,200,151,421,414,477,712,477,338,182
12086000808,"Census Tract 8.08, Miami-Dade County, Florida",4117,81,279,102,148,212,699,516,743,547,400,224,166
12086000901,"Census Tract 9.01, Miami-Dade County, Florida",7506,206,471,370,266,362,955,615,1405,1222,962,479,193
12086000902,"Census Tract 9.02, Miami-Dade County, Florida",5783,211,196,369,364,322,877,513,964,912,510,379,166
12086000903,"Census Tract 9.03, Miami-Dade County, Florida",3013,159,240,167,197,190,377,411,544,350,111,214,53
12086001002,"Census Tract 10.02, Miami-Dade County, Florida",6580,929,482,391,324,526,648,709,857,918,442,209,145
12086001003,"Census Tract 10.03, Miami-Dade County, Florida",5480,381,251,384,252,293,857,593,899,819,502,222,27
12086001004,"Census Tract 10.04, Miami-Dade County, Florida",6713,566,693,646,510,340,1136,733,857,736,277,75,144
12086001005,"Census Tract 10.05, Miami-Dade County, Florida",2190,98,8,127,168,106,112,199,422,311,299,247,93
12086001006,"Census Tract 10.06, Miami-Dade County, Florida",4509,301,274,277,273,300,645,798,454,594,405,172,16
12086001101,"Census Tract 11.01, Miami-Dade County, Florida",6066,487,347,300,303,513,1087,963,241,819,573,303,130
12086001102,"Census Tract 11.02, Miami-Dade County, Florida",5650,396,156,251,748,699,959,591,654,635,303,220,38
12086001103,"Census Tract 11.03, Miami-Dade County, Florida",3840,403,178,285,229,249,429,506,610,381,394,127,49
12086001104,"Census Tract 11.04, Miami-Dade County, Florida",4506,504,335,214,241,176,485,692,706,531,355,189,78
12086001203,"Census Tract 12.03, Miami-Dade County, Florida",7936,935,393,364,239,282,1804,987,1463,683,568,183,35
12086001204,"Census Tract 12.04, Miami-Dade County, Florida",5704,255,228,197,315,413,800,783,905,687,618,432,71
12086001205,"Census Tract 12.05, Miami-Dade County, Florida",3014,264,274,131,75,119,240,534,375,568,251,152,31
12086001206,"Census Tract 12.06, Miami-Dade County, Florida",4996,196,266,209,282,81,765,745,849,749,475,201,178
12086001301,"Census Tract 13.01, Miami-Dade County, Florida",5229,207,379,61,293,198,1028,696,798,891,243,289,146
12086001302,"Census Tract 13.02, Miami-Dade County, Florida",5052,153,283,319,167,201,687,1228,778,501,455,221,59
12086001401,"Census Tract 14.01, Miami-Dade County, Florida",5875,604,437,414,319,536,801,625,830,500,449,272,88
12086001402,"Census Tract 14.02, Miami-Dade County, Florida",6409,529,422,500,295,493,772,1059,619,735,567,418,0
12086001501,"Census Tract 15.01, Miami-Dade County, Florida",3880,349,410,411,388,442,566,373,351,225,201,94,70
12086001502,"Census Tract 15.02, Miami-Dade County, Florida",3880,232,447,406,403,256,548,326,512,330,307,80,33
12086001602,"Census Tract 16.02, Miami-Dade County, Florida",6651,287,355,164,205,365,1109,696,1229,1030,635,375,201
12086001603,"Census Tract 16.03, Miami-Dade County, Florida",3244,83,46,146,215,204,289,458,446,520,354,304,179
12086001605,"Census Tract 16.05, Miami-Dade County, Florida",3776,99,141,153,129,177,462,531,533,642,419,360,130
12086001606,"Census Tract 16.06, Miami-Dade County, Florida",4560,322,266,264,259,170,568,733,557,667,391,199,164
12086001701,"Census Tract 17.01, Miami-Dade County, Florida",4210,314,223,419,275,162,577,581,667,621,213,128,30
12086001702,"Census Tract 17.02, Miami-Dade County, Florida",3829,243,382,207,282,292,557,338,573,469,304,97,85
12086001703,"Census Tract 17.03, Miami-Dade County, Florida",4410,245,219,317,432,214,566,645,539,567,403,255,8
12086001801,"Census Tract 18.01, Miami-Dade County, Florida",5026,526,603,690,305,207,780,544,521,397,303,113,37
12086001802,"Census Tract 18.02, Miami-Dade County, Florida",4392,313,331,266,175,173,827,676,677,493,296,120,45
12086001803,"Census Tract 18.03, Miami-Dade County, Florida",3175,130,320,329,337,212,270,291,352,378,310,164,82
12086001901,"Census Tract 19.01, Miami-Dade County, Florida",4663,442,228,182,271,407,619,619,614,523,415,236,107
12086001903,"Census Tract 19.03, Miami-Dade County, Florida",3374,226,106,205,246,313,611,488,470,410,224,62,13
12086001904,"Census Tract 19.04, Miami-Dade County, Florida",4532,344,356,269,248,297,659,544,541,620,292,253,109
12086002001,"Census Tract 20.01, Miami-Dade County, Florida",4330,310,246,342,239,325,577,448,483,631,415,220,94
12086002003,"Census Tract 20.03, Miami-Dade County, Florida",3723,419,260,183,199,154,706,437,464,289,438,174,0
12086002004,"Census Tract 20.04, Miami-Dade County, Florida",3251,316,238,196,213,195,540,503,385,315,229,83,38
12086002100,"Census Tract 21, Miami-Dade County, Florida",2538,100,170,149,170,60,311,478,372,399,208,90,31
12086002201,"Census Tract 22.01, Miami-Dade County, Florida",4055,221,89,245,94,319,872,663,609,260,232,180,271
12086002202,"Census Tract 22.02, Miami-Dade County, Florida",6020,411,285,316,329,410,810,794,1026,648,612,335,44
12086002300,"Census Tract 23, Miami-Dade County, Florida",5571,428,320,348,302,312,759,736,724,852,439,208,143
12086002402,"Census Tract 24.02, Miami-Dade County, Florida",6768,450,360,418,472,484,1065,736,1074,784,545,315,65
12086002403,"Census Tract 24.03, Miami-Dade County, Florida",5016,417,176,213,270,271,746,782,787,404,486,370,94
12086002404,"Census Tract 24.04, Miami-Dade County, Florida",5986,555,360,224,324,171,912,669,679,706,793,511,82
12086002501,"Census Tract 25.01, Miami-Dade County, Florida",6378,601,410,481,421,430,1020,844,861,672,334,247,57
12086002502,"Census Tract 25.02, Miami-Dade County, Florida",3667,194,213,144,209,349,632,354,284,597,494,170,27
12086002600,"Census Tract 26, Miami-Dade County, Florida",7025,573,310,701,197,351,1397,1395,701,692,345,302,61
12086002702,"Census Tract 27.02, Miami-Dade County, Florida",4060,173,132,170,90,329,1291,662,469,584,92,51,17
12086002703,"Census Tract 27.03, Miami-Dade County, Florida",6260,193,98,87,189,333,2043,1142,937,588,318,332,0
12086002705,"Census Tract 27.05, Miami-Dade County, Florida",3215,202,93,60,73,133,914,751,346,300,197,49,97
12086002706,"Census Tract 27.06, Miami-Dade County, Florida",4244,67,164,93,106,208,1434,1070,420,432,204,46,0
12086002800,"Census Tract 28, Miami-Dade County, Florida",1083,59,41,43,29,49,253,95,236,170,70,15,23
12086002900,"Census Tract 29, Miami-Dade County, Florida",6506,326,474,389,373,367,924,904,1094,850,385,305,115
12086003001,"Census Tract 30.01, Miami-Dade County, Florida",2497,71,94,138,63,135,522,337,299,288,235,225,90
12086003003,"Census Tract 30.03, Miami-Dade County, Florida",6650,417,253,180,465,494,910,907,985,863,821,204,151
12086003004,"Census Tract 30.04, Miami-Dade County, Florida",6022,279,191,96,249,520,1425,960,720,603,540,281,158
12086003100,"Census Tract 31, Miami-Dade County, Florida",5115,395,367,341,271,425,801,619,701,676,284,177,58
12086003400,"Census Tract 34, Miami-Dade County, Florida",2756,219,202,63,70,161,546,384,554,251,236,43,27
12086003601,"Census Tract 36.01, Miami-Dade County, Florida",4608,311,134,270,334,229,698,565,532,687,395,344,109
12086003602,"Census Tract 36.02, Miami-Dade County, Florida",6933,272,277,376,183,218,1243,890,910,1011,749,667,137
12086003702,"Census Tract 37.02, Miami-Dade County, Florida",6479,178,173,155,70,495,1855,1577,970,691,257,58,0
12086003703,"Census Tract 37.03, Miami-Dade County, Florida",2011,131,67,0,40,53,821,387,277,141,94,0,0
12086003704,"Census Tract 37.04, Miami-Dade County, Florida",1463,40,0,8,15,102,722,267,113,82,90,24,0
12086003705,"Census Tract 37.05, Miami-Dade County, Florida",1622,100,11,30,79,99,552,390,239,55,67,0,0
12086003706,"Census Tract 37.06, Miami-Dade County, Florida",1302,0,0,0,23,104,370,418,275,112,0,0,0
12086003707,"Census Tract 37.07, Miami-Dade County, Florida",1632,124,22,8,28,112,639,278,146,118,128,29,0
12086003801,"Census Tract 38.01, Miami-Dade County, Florida",5905,495,655,328,305,107,447,1258,822,541,429,393,125
12086003803,"Census Tract 38.03, Miami-Dade County, Florida",3004,44,68,170,281,168,95,437,328,319,494,323,277
12086003804,"Census Tract 38.04, Miami-Dade County, Florida",5725,303,566,449,289,272,263,812,936,516,506,591,222
12086003906,"Census Tract 39.06, Miami-Dade County, Florida",3029,177,224,421,214,76,162,388,567,408,303,37,52
12086003909,"Census Tract 39.09, Miami-Dade County, Florida",1693,54,22,30,32,102,220,319,215,203,208,225,63
12086003911,"Census Tract 39.11, Miami-Dade County, Florida",4701,115,200,61,229,198,751,981,891,671,280,182,142
12086003912,"Census Tract 39.12, Miami-Dade County, Florida",4489,228,138,249,438,256,681,743,698,551,284,136,87
12086003913,"Census Tract 39.13, Miami-Dade County, Florida",4471,84,283,83,278,168,849,716,787,568,448,154,53
12086003914,"Census Tract 39.14, Miami-Dade County, Florida",4206,164,114,15,19,80,720,924,633,671,526,208,132
12086003915,"Census Tract 39.15, Miami-Dade County, Florida",5597,370,254,306,146,458,772,883,1025,824,257,212,90
12086003916,"Census Tract 39.16, Miami-Dade County, Florida",4554,181,194,237,397,260,747,750,693,576,307,112,100
12086003917,"Census Tract 39.17, Miami-Dade County, Florida",5269,202,205,205,276,358,1236,795,792,440,369,317,74
12086003918,"Census Tract 39.18, Miami-Dade County, Florida",2892,163,31,206,120,149,874,415,361,402,131,24,16
12086003919,"Census Tract 39.19, Miami-Dade County, Florida",2198,169,90,79,49,28,176,357,369,295,287,187,112
12086003921,"Census Tract 39.21, Miami-Dade County, Florida",3817,280,127,164,21,134,528,627,539,492,401,418,86
12086003922,"Census Tract 39.22, Miami-Dade County, Florida",1988,63,126,24,35,120,181,277,257,296,283,270,56
12086004000,"Census Tract 40, Miami-Dade County, Florida",4837,192,541,478,157,196,885,596,562,652,420,81,77
12086004102,"Census Tract 41.02, Miami-Dade County, Florida",2937,232,149,42,78,37,317,445,623,409,368,162,75
12086004103,"Census Tract 41.03, Miami-Dade County, Florida",2210,75,34,50,22,260,295,207,203,330,406,193,135
12086004105,"Census Tract 41.05, Miami-Dade County, Florida",2441,51,32,63,107,117,571,297,274,271,389,150,119
12086004106,"Census Tract 41.06, Miami-Dade County, Florida",2912,134,292,47,47,146,362,512,560,358,324,41,89
12086004203,"Census Tract 42.03, Miami-Dade County, Florida",4965,465,74,22,60,183,1433,1261,591,391,161,282,42
12086004204,"Census Tract 42.04, Miami-Dade County, Florida",2387,76,23,34,138,133,658,503,329,290,122,59,22
12086004205,"Census Tract 42.05, Miami-Dade County, Florida",2415,76,58,76,107,153,401,386,416,284,160,207,91
12086004206,"Census Tract 42.06, Miami-Dade County, Florida",1223,0,34,0,40,58,151,138,234,171,207,147,43
12086004301,"Census Tract 43.01, Miami-Dade County, Florida",2119,118,59,0,0,66,561,449,474,173,151,47,21
12086004303,"Census Tract 43.03, Miami-Dade County, Florida",2761,140,79,71,105,222,442,483,677,285,203,43,11
12086004304,"Census Tract 43.04, Miami-Dade County, Florida",2317,147,32,22,128,90,718,419,426,130,93,96,16
12086004403,"Census Tract 44.03, Miami-Dade County, Florida",3739,178,144,140,44,151,1002,725,512,422,204,103,114
12086004404,"Census Tract 44.04, Miami-Dade County, Florida",2085,151,31,34,33,116,424,347,193,186,188,257,125
12086004405,"Census Tract 44.05, Miami-Dade County, Florida",3713,248,299,216,114,316,867,569,294,269,244,258,19
12086004406,"Census Tract 44.06, Miami-Dade County, Florida",2552,144,20,28,58,97,500,681,513,231,103,121,56
12086004500,"Census Tract 45, Miami-Dade County, Florida",4135,233,245,29,61,34,220,555,606,572,825,418,337
12086004602,"Census Tract 46.02, Miami-Dade County, Florida",3860,99,151,608,403,162,235,462,787,510,295,106,42
12086004605,"Census Tract 46.05, Miami-Dade County, Florida",3859,216,410,447,181,128,230,680,572,489,226,185,95
12086004607,"Census Tract 46.07, Miami-Dade County, Florida",3244,105,161,365,121,210,202,269,460,433,410,366,142
12086004608,"Census Tract 46.08, Miami-Dade County, Florida",1980,88,181,212,138,75,102,355,336,177,155,131,30
12086004701,"Census Tract 47.01, Miami-Dade County, Florida",4769,282,184,301,297,343,428,580,965,471,340,396,182
12086004702,"Census Tract 47.02, Miami-Dade County, Florida",6158,702,204,106,269,347,779,807,888,1069,638,176,173
12086004703,"Census Tract 47.03, Miami-Dade County, Florida",5530,395,198,260,203,273,602,789,813,811,526,385,275
12086004901,"Census Tract 49.01, Miami-Dade County, Florida",3825,322,194,132,287,248,491,404,832,362,329,133,91
12086004902,"Census Tract 49.02, Miami-Dade County, Florida",6935,456,202,172,354,534,952,878,1291,331,610,814,341
12086005001,"Census Tract 50.01, Miami-Dade County, Florida",7657,146,595,422,252,729,564,1107,1237,1250,548,499,308
12086005002,"Census Tract 50.02, Miami-Dade County, Florida",5427,278,250,114,370,252,568,966,644,700,732,362,191
12086005102,"Census Tract 51.02, Miami-Dade County, Florida",3954,139,140,176,107,182,521,412,412,502,722,425,216
12086005103,"Census Tract 51.03, Miami-Dade County, Florida",2993,197,257,140,102,102,450,448,410,304,269,129,185
12086005104,"Census Tract 51.04, Miami-Dade County, Florida",4741,198,139,202,263,177,1082,730,784,458,465,195,48
12086005201,"Census Tract 52.01, Miami-Dade County, Florida",6648,728,538,336,341,270,1192,923,820,662,332,259,247
12086005202,"Census Tract 52.02, Miami-Dade County, Florida",5875,457,209,493,195,422,880,931,861,511,439,254,223
12086005302,"Census Tract 53.02, Miami-Dade County, Florida",7699,472,316,304,354,327,1177,953,1193,790,927,607,279
12086005303,"Census Tract 53.03, Miami-Dade County, Florida",4397,295,275,291,300,331,386,684,724,538,264,166,143
12086005304,"Census Tract 53.04, Miami-Dade County, Florida",4901,152,299,152,274,218,766,672,847,783,406,268,64
12086005403,"Census Tract 54.03, Miami-Dade County, Florida",1731,131,33,74,76,53,244,280,295,217,172,94,62
12086005405,"Census Tract 54.05, Miami-Dade County, Florida",4315,222,310,243,271,272,529,865,648,394,268,272,21
12086005406,"Census Tract 54.06, Miami-Dade County, Florida",3872,170,238,144,227,262,607,518,529,502,288,272,115
12086005407,"Census Tract 54.07, Miami-Dade County, Florida",2374,164,93,47,150,116,215,425,251,261,268,234,150
12086005409,"Census Tract 54.09, Miami-Dade County, Florida",4123,457,171,179,224,217,544,532,582,457,373,294,93
12086005410,"Census Tract 54.10, Miami-Dade County, Florida",3726,144,216,240,49,182,498,534,631,529,287,360,56
12086005501,"Census Tract 55.01, Miami-Dade County, Florida",7185,284,100,330,297,545,506,1114,1306,925,1045,530,203
12086005502,"Census Tract 55.02, Miami-Dade County, Florida",6294,214,392,220,134,305,842,843,952,774,663,533,422
12086005600,"Census Tract 56, Miami-Dade County, Florida",5360,295,140,264,147,381,687,748,993,696,558,312,139
12086005701,"Census Tract 57.01, Miami-Dade County, Florida",6990,160,214,222,311,346,664,652,1708,978,625,837,273
12086005703,"Census Tract 57.03, Miami-Dade County, Florida",7818,472,223,175,323,268,1552,960,757,971,685,1040,392
12086005704,"Census Tract 57.04, Miami-Dade County, Florida",9307,464,304,547,471,553,1226,1276,1484,1052,767,696,467
12086005801,"Census Tract 58.01, Miami-Dade County, Florida",8344,241,318,313,481,201,1229,1354,1339,1115,738,615,400
12086005802,"Census Tract 58.02, Miami-Dade County, Florida",11727,545,326,388,602,509,1410,1634,2105,1470,1019,1055,664
12086005901,"Census Tract 59.01, Miami-Dade County, Florida",5476,375,175,213,282,191,728,698,765,884,411,492,262
12086005902,"Census Tract 59.02, Miami-Dade County, Florida",4141,60,136,99,176,179,594,575,825,593,408,349,147
12086005903,"Census Tract 59.03, Miami-Dade County, Florida",5483,324,238,274,165,212,886,792,742,717,423,424,286
12086005904,"Census Tract 59.04, Miami-Dade County, Florida",5908,382,342,197,352,206,868,908,844,582,406,421,400
12086006001,"Census Tract 60.01, Miami-Dade County, Florida",6710,420,222,137,233,272,1081,1012,765,1109,782,479,198
12086006002,"Census Tract 60.02, Miami-Dade County, Florida",5457,339,155,185,112,293,803,755,533,728,858,355,341
12086006101,"Census Tract 61.01, Miami-Dade County, Florida",5351,450,198,433,233,135,472,889,816,585,689,243,208
12086006102,"Census Tract 61.02, Miami-Dade County, Florida",5633,339,319,204,120,174,376,822,686,928,889,543,233
12086006201,"Census Tract 62.01, Miami-Dade County, Florida",2833,287,173,61,66,147,485,444,428,369,178,139,56
12086006203,"Census Tract 62.03, Miami-Dade County, Florida",2334,95,73,31,10,149,309,217,253,461,319,106,311
12086006205,"Census Tract 62.05, Miami-Dade County, Florida",4251,144,92,100,276,185,1178,602,574,418,388,269,25
12086006206,"Census Tract 62.06, Miami-Dade County, Florida",3355,127,212,183,208,56,476,661,509,410,355,124,34
12086006301,"Census Tract 63.01, Miami-Dade County, Florida",7608,518,167,249,226,411,813,833,1392,1264,679,757,299
12086006302,"Census Tract 63.02, Miami-Dade County, Florida",5610,310,309,157,168,333,774,728,822,798,527,494,190
12086006401,"Census Tract 64.01, Miami-Dade County, Florida",4058,59,135,207,207,399,544,522,701,286,490,423,85
12086006402,"Census Tract 64.02, Miami-Dade County, Florida",4038,218,138,179,254,208,720,647,585,461,260,254,114
12086006403,"Census Tract 64.03, Miami-Dade County, Florida",3574,114,140,114,253,188,217,624,656,436,396,300,136
12086006501,"Census Tract 65.01, Miami-Dade County, Florida",3604,109,157,144,90,335,400,724,625,437,339,139,105
12086006503,"Census Tract 65.03, Miami-Dade County, Florida",2418,94,79,116,35,124,310,352,348,333,171,300,156
12086006504,"Census Tract 65.04, Miami-Dade County, Florida",2442,199,158,60,161,114,330,461,254,308,221,91,85
12086006601,"Census Tract 66.01, Miami-Dade County, Florida",7367,456,421,392,238,362,1122,1195,804,1079,340,700,258
12086006602,"Census Tract 66.02, Miami-Dade County, Florida",6956,310,142,75,250,764,1649,1106,732,925,727,205,71
12086006702,"Census Tract 67.02, Miami-Dade County, Florida",11074,717,274,65,189,726,5228,1668,1416,489,157,128,17
12086006705,"Census Tract 67.05, Miami-Dade County, Florida",3393,98,99,86,102,86,468,540,558,374,357,501,124
12086006706,"Census Tract 67.06, Miami-Dade County, Florida",2631,215,67,116,80,81,451,411,301,338,343,208,20
12086006707,"Census Tract 67.07, Miami-Dade County, Florida",4350,322,169,188,194,38,689,1107,467,650,460,44,22
12086006709,"Census Tract 67.09, Miami-Dade County, Florida",1283,36,40,24,56,53,376,290,197,161,50,0,0
12086006711,"Census Tract 67.11, Miami-Dade County, Florida",2964,72,52,76,99,420,847,542,325,300,171,51,9
12086006713,"Census Tract 67.13, Miami-Dade County, Florida",2549,359,75,57,5,64,789,524,375,209,58,12,22
12086006714,"Census Tract 67.14, Miami-Dade County, Florida",1668,130,19,66,18,51,358,284,307,168,180,39,48
12086006801,"Census Tract 68.01, Miami-Dade County, Florida",2890,193,99,219,74,57,381,335,317,526,411,159,119
12086006802,"Census Tract 68.02, Miami-Dade County, Florida",3496,216,219,288,65,81,222,353,380,489,499,480,204
12086006900,"Census Tract 69, Miami-Dade County, Florida",6672,179,323,400,88,317,1329,620,977,960,659,426,394
12086007001,"Census Tract 70.01, Miami-Dade County, Florida",10232,405,368,491,553,519,1739,1058,1946,1193,1114,344,502
12086007002,"Census Tract 70.02, Miami-Dade County, Florida",7852,422,288,438,250,450,1215,1035,1552,859,785,346,212
12086007101,"Census Tract 71.01, Miami-Dade County, Florida",2765,418,89,101,155,69,562,245,279,326,254,205,62
12086007103,"Census Tract 71.03, Miami-Dade County, Florida",1515,34,64,71,34,76,442,208,203,104,148,119,12
12086007104,"Census Tract 71.04, Miami-Dade County, Florida",3559,558,124,87,47,212,1022,604,317,348,220,11,9
12086007200,"Census Tract 72, Miami-Dade County, Florida",2872,104,93,157,159,116,524,338,496,464,290,107,24
12086007300,"Census Tract 73, Miami-Dade County, Florida",4396,427,314,409,235,87,301,620,706,600,488,149,60
12086007400,"Census Tract 74, Miami-Dade County, Florida",7117,466,455,604,289,548,776,634,1080,977,500,534,254
12086007501,"Census Tract 75.01, Miami-Dade County, Florida",2754,241,198,195,117,34,220,282,469,407,308,180,103
12086007503,"Census Tract 75.03, Miami-Dade County, Florida",837,78,47,67,61,55,143,91,89,65,70,16,55
12086007601,"Census Tract 76.01, Miami-Dade County, Florida",2705,200,109,162,129,290,334,397,311,355,223,87,108
12086007603,"Census Tract 76.03, Miami-Dade County, Florida",4047,174,202,203,244,903,744,342,450,313,250,215,7
12086007604,"Census Tract 76.04, Miami-Dade County, Florida",6120,564,311,344,295,442,763,1068,731,830,454,170,148
12086007605,"Census Tract 76.05, Miami-Dade County, Florida",3886,218,78,198,171,436,919,388,415,350,422,132,159
12086007606,"Census Tract 76.06, Miami-Dade County, Florida",4649,212,219,265,128,370,660,591,884,596,444,123,157
12086007701,"Census Tract 77.01, Miami-Dade County, Florida",6812,192,290,349,359,241,778,1122,783,1261,790,541,106
12086007702,"Census Tract 77.02, Miami-Dade County, Florida",5826,207,206,255,415,256,571,525,1031,1283,451,415,211
12086007704,"Census Tract 77.04, Miami-Dade County, Florida",5133,250,229,359,164,303,1277,392,669,706,332,193,259
12086007705,"Census Tract 77.05, Miami-Dade County, Florida",4519,130,66,231,186,217,1034,596,606,681,315,359,98
12086007801,"Census Tract 78.01, Miami-Dade County, Florida",928,26,53,88,77,54,49,57,158,188,102,50,26
12086007804,"Census Tract 78.04, Miami-Dade County, Florida",7522,238,350,337,306,889,1351,1062,921,862,675,383,148
12086007805,"Census Tract 78.05, Miami-Dade County, Florida",4544,212,205,336,249,212,572,503,774,628,453,313,87
12086007806,"Census Tract 78.06, Miami-Dade County, Florida",4174,205,207,417,424,248,321,380,689,659,443,148,33
12086007807,"Census Tract 78.07, Miami-Dade County, Florida",4762,238,484,365,239,253,271,510,752,797,526,228,99
12086007901,"Census Tract 79.01, Miami-Dade County, Florida",3672,188,280,187,102,237,487,456,536,494,376,237,92
12086007902,"Census Tract 79.02, Miami-Dade County, Florida",2837,143,234,245,134,66,374,211,490,412,276,196,56
12086008000,"Census Tract 80, Miami-Dade County, Florida",5836,87,538,555,461,282,436,518,1254,557,540,424,184
12086008101,"Census Tract 81.01, Miami-Dade County, Florida",3875,124,302,442,261,146,317,355,675,619,336,238,60
12086008102,"Census Tract 81.02, Miami-Dade County, Florida",5170,177,263,484,350,335,784,588,700,692,398,266,133
12086008202,"Census Tract 82.02, Miami-Dade County, Florida",4496,361,275,352,290,335,399,472,781,445,453,275,58
12086008205,"Census Tract 82.05, Miami-Dade County, Florida",3880,145,303,243,525,267,197,352,719,459,398,210,62
12086008206,"Census Tract 82.06, Miami-Dade County, Florida",3997,140,212,345,346,179,267,487,803,515,406,208,89
12086008207,"Census Tract 82.07, Miami-Dade County, Florida",4449,287,352,379,274,324,334,528,690,606,289,182,204
12086008208,"Census Tract 82.08, Miami-Dade County, Florida",4913,253,335,344,372,302,763,667,935,468,185,154,135
12086008209,"Census Tract 82.09, Miami-Dade County, Florida",4753,281,331,330,414,188,609,479,738,750,456,122,55
12086008304,"Census Tract 83.04, Miami-Dade County, Florida",9371,271,445,652,617,617,669,1694,1568,1259,811,430,338
12086008305,"Census Tract 83.05, Miami-Dade County, Florida",5056,230,199,350,384,372,619,580,759,759,604,138,62
12086008306,"Census Tract 83.06, Miami-Dade County, Florida",8734,620,507,341,792,615,1135,983,1468,886,823,293,271
12086008307,"Census Tract 83.07, Miami-Dade County, Florida",6906,407,327,379,419,607,1008,945,951,899,645,191,128
12086008308,"Census Tract 83.08, Miami-Dade County, Florida",4541,189,316,290,259,303,412,515,877,590,411,237,142
12086008309,"Census Tract 83.09, Miami-Dade County, Florida",5285,592,722,501,456,312,774,551,522,422,172,200,61
12086008405,"Census Tract 84.05, Miami-Dade County, Florida",6021,197,641,389,392,173,843,832,768,692,694,242,158
12086008407,"Census Tract 84.07, Miami-Dade County, Florida",6793,395,336,334,141,523,940,918,1293,751,663,271,228
12086008409,"Census Tract 84.09, Miami-Dade County, Florida",5101,258,383,279,135,383,660,650,650,745,549,219,190
12086008410,"Census Tract 84.10, Miami-Dade County, Florida",5730,198,281,281,327,161,789,1016,731,940,354,527,125
12086008412,"Census Tract 84.12, Miami-Dade County, Florida",6727,248,100,177,197,346,1579,493,807,797,497,531,955
12086008414,"Census Tract 84.14, Miami-Dade County, Florida",6576,256,498,346,356,468,812,906,786,1227,610,190,121
12086008415,"Census Tract 84.15, Miami-Dade County, Florida",5284,303,470,312,372,312,612,588,692,732,602,218,71
12086008416,"Census Tract 84.16, Miami-Dade County, Florida",3351,264,118,163,142,148,768,493,515,315,196,182,47
12086008417,"Census Tract 84.17, Miami-Dade County, Florida",5319,182,240,101,309,215,918,599,684,929,489,457,196
12086008418,"Census Tract 84.18, Miami-Dade County, Florida",2998,122,370,160,156,182,286,396,537,312,201,191,85
12086008419,"Census Tract 84.19, Miami-Dade County, Florida",4911,81,120,285,288,286,704,662,891,630,518,242,204
12086008501,"Census Tract 85.01, Miami-Dade County, Florida",6684,447,180,362,476,239,810,967,816,796,412,641,538
12086008502,"Census Tract 85.02, Miami-Dade County, Florida",4907,438,260,154,365,345,550,624,733,419,522,284,213
12086008601,"Census Tract 86.01, Miami-Dade County, Florida",5178,178,276,199,198,281,826,461,807,665,693,463,131
12086008602,"Census Tract 86.02, Miami-Dade County, Florida",6025,231,171,457,367,254,549,848,1028,610,815,454,241
12086008701,"Census Tract 87.01, Miami-Dade County, Florida",5737,253,335,228,154,447,586,695,983,969,528,386,173
12086008702,"Census Tract 87.02, Miami-Dade County, Florida",5773,317,316,149,246,562,731,716,991,564,613,421,147
12086008803,"Census Tract 88.03, Miami-Dade County, Florida",7005,273,445,257,374,581,854,905,1164,636,830,496,190
12086008804,"Census Tract 88.04, Miami-Dade County, Florida",7360,514,276,124,342,445,788,926,1262,1039,719,783,142
12086008805,"Census Tract 88.05, Miami-Dade County, Florida",5270,304,174,239,406,346,784,804,636,579,350,524,124
12086008806,"Census Tract 88.06, Miami-Dade County, Florida",4322,242,130,261,243,264,742,393,717,409,438,357,126
12086008901,"Census Tract 89.01, Miami-Dade County, Florida",6184,344,172,316,229,236,634,725,920,1007,784,479,338
12086008902,"Census Tract 89.02, Miami-Dade County, Florida",7190,268,320,302,295,516,923,733,1119,767,926,606,415
12086008904,"Census Tract 89.04, Miami-Dade County, Florida",2774,0,0,0,1237,1407,130,0,0,0,0,0,0
12086008906,"Census Tract 89.06, Miami-Dade County, Florida",5111,378,273,113,216,264,773,503,903,629,526,342,191
12086008907,"Census Tract 89.07, Miami-Dade County, Florida",4370,176,87,129,186,353,630,655,579,662,277,382,254
12086009006,"Census Tract 90.06, Miami-Dade County, Florida",10328,409,579,468,362,481,1407,1489,1565,1097,1340,715,416
12086009010,"Census Tract 90.10, Miami-Dade County, Florida",6716,528,395,276,486,432,1069,844,1072,980,359,162,113
12086009014,"Census Tract 90.14, Miami-Dade County, Florida",4622,285,277,154,246,296,701,785,543,802,307,108,118
12086009015,"Census Tract 90.15, Miami-Dade County, Florida",5995,275,200,208,86,306,1006,865,1010,977,589,350,123
12086009017,"Census Tract 90.17, Miami-Dade County, Florida",6895,319,229,385,375,452,952,654,1171,1085,680,348,245
12086009019,"Census Tract 90.19, Miami-Dade County, Florida",4214,233,107,109,162,236,623,501,580,701,402,431,129
12086009020,"Census Tract 90.20, Miami-Dade County, Florida",2839,133,122,102,99,237,419,295,402,460,215,235,120
12086009021,"Census Tract 90.21, Miami-Dade County, Florida",5243,337,313,222,169,485,906,547,855,639,333,275,162
12086009022,"Census Tract 90.22, Miami-Dade County, Florida",2457,105,96,149,64,197,316,355,380,364,204,154,73
12086009023,"Census Tract 90.23, Miami-Dade County, Florida",6817,509,291,422,340,387,883,1043,922,767,651,401,201
12086009024,"Census Tract 90.24, Miami-Dade County, Florida",6079,628,308,265,281,405,1440,1058,788,364,368,115,59
12086009026,"Census Tract 90.26, Miami-Dade County, Florida",2279,120,75,99,146,113,216,381,305,398,212,145,69
12086009027,"Census Tract 90.27, Miami-Dade County, Florida",4105,134,220,254,83,164,626,744,565,484,513,161,157
12086009028,"Census Tract 90.28, Miami-Dade County, Florida",5976,490,364,338,275,170,921,716,817,922,633,286,44
12086009029,"Census Tract 90.29, Miami-Dade County, Florida",4187,148,143,231,174,219,601,617,602,685,303,356,108
12086009030,"Census Tract 90.30, Miami-Dade County, Florida",5345,284,314,234,208,261,789,913,719,879,466,230,48
12086009031,"Census Tract 90.31, Miami-Dade County, Florida",4031,114,160,324,273,309,451,677,789,449,354,109,22
12086009034,"Census Tract 90.34, Miami-Dade County, Florida",10365,796,388,556,840,431,1479,1544,1866,1229,815,267,154
12086009035,"Census Tract 90.35, Miami-Dade County, Florida",6006,391,322,385,361,135,1489,996,808,797,194,85,43
12086009036,"Census Tract 90.36, Miami-Dade County, Florida",8031,398,404,955,479,574,891,1343,1495,871,403,178,40
12086009038,"Census Tract 90.38, Miami-Dade County, Florida",8427,529,768,904,470,512,1159,1434,1240,912,322,177,0
12086009039,"Census Tract 90.39, Miami-Dade County, Florida",4952,347,428,431,410,164,625,1021,790,499,97,109,31
12086009040,"Census Tract 90.40, Miami-Dade County, Florida",3175,214,349,218,172,192,597,541,489,177,121,89,16
12086009043,"Census Tract 90.43, Miami-Dade County, Florida",4523,386,441,445,448,273,410,819,644,411,150,67,29
12086009044,"Census Tract 90.44, Miami-Dade County, Florida",3111,247,460,280,158,179,390,582,497,162,122,34,0
12086009046,"Census Tract 90.46, Miami-Dade County, Florida",1411,89,66,109,178,125,108,364,209,77,76,4,6
12086009047,"Census Tract 90.47, Miami-Dade County, Florida",3395,174,318,368,363,220,400,594,612,150,89,80,27
12086009100,"Census Tract 91, Miami-Dade County, Florida",7792,278,272,393,452,604,1270,1210,967,1025,777,331,213
12086009200,"Census Tract 92, Miami-Dade County, Florida",3591,72,199,172,145,255,428,511,582,497,353,175,202
12086009305,"Census Tract 93.05, Miami-Dade County, Florida",5715,404,323,349,278,422,680,802,1022,569,366,379,121
12086009306,"Census Tract 93.06, Miami-Dade County, Florida",7073,327,85,587,364,361,795,943,1154,709,720,807,221
12086009307,"Census Tract 93.07, Miami-Dade County, Florida",6882,440,289,313,268,356,976,983,1292,729,664,438,134
12086009308,"Census Tract 93.08, Miami-Dade County, Florida",7440,399,359,488,467,375,742,1349,1119,786,825,421,110
12086009309,"Census Tract 93.09, Miami-Dade County, Florida",6855,342,295,366,304,401,780,777,1316,715,716,654,189
12086009311,"Census Tract 93.11, Miami-Dade County, Florida",6255,185,191,334,298,529,834,631,1083,866,559,450,295
12086009312,"Census Tract 93.12, Miami-Dade County, Florida",5395,341,277,281,121,345,887,787,825,657,520,260,94
12086009313,"Census Tract 93.13, Miami-Dade County, Florida",5490,299,212,453,402,195,758,895,780,791,389,175,141
12086009314,"Census Tract 93.14, Miami-Dade County, Florida",4418,225,260,173,330,312,383,612,707,683,416,275,42
12086009315,"Census Tract 93.15, Miami-Dade County, Florida",3276,115,185,43,176,138,376,377,510,254,328,400,374
12086009400,"Census Tract 94, Miami-Dade County, Florida",6364,449,393,408,506,579,736,909,817,621,531,274,141
12086009501,"Census Tract 95.01, Miami-Dade County, Florida",5342,629,546,294,318,361,879,730,631,499,331,124,0
12086009503,"Census Tract 95.03, Miami-Dade County, Florida",4253,191,332,274,516,271,344,428,644,539,330,313,71
12086009504,"Census Tract 95.04, Miami-Dade County, Florida",4931,308,272,286,233,256,739,767,534,682,434,355,65
12086009600,"Census Tract 96, Miami-Dade County, Florida",7148,216,517,454,349,753,1368,849,730,800,588,242,282
12086009703,"Census Tract 97.03, Miami-Dade County, Florida",3157,258,307,215,181,79,220,491,425,426,334,163,58
12086009704,"Census Tract 97.04, Miami-Dade County, Florida",5213,207,371,401,416,320,564,511,854,595,581,292,101
12086009705,"Census Tract 97.05, Miami-Dade County, Florida",3883,42,97,100,147,80,394,640,575,913,613,232,50
12086009706,"Census Tract 97.06, Miami-Dade County, Florida",3602,121,177,195,236,211,324,546,741,562,304,120,65
12086009803,"Census Tract 98.03, Miami-Dade County, Florida",6648,506,354,422,622,368,954,1069,800,826,477,225,25
12086009804,"Census Tract 98.04, Miami-Dade County, Florida",3341,119,160,166,254,338,398,480,548,466,259,112,41
12086009806,"Census Tract 98.06, Miami-Dade County, Florida",2839,192,158,65,50,208,526,342,206,412,248,335,97
12086009807,"Census Tract 98.07, Miami-Dade County, Florida",7247,408,444,266,369,450,788,1389,1162,1027,502,380,62
12086009808,"Census Tract 98.08, Miami-Dade County, Florida",5519,324,119,136,166,369,674,849,692,989,523,496,182
12086009901,"Census Tract 99.01, Miami-Dade County, Florida",10815,1052,754,972,685,428,2187,1507,1455,693,685,344,53
12086009903,"Census Tract 99.03, Miami-Dade County, Florida",5258,236,414,328,241,412,750,711,678,689,516,216,67
12086009904,"Census Tract 99.04, Miami-Dade County, Florida",2995,251,223,192,203,284,560,406,246,366,220,31,13
12086009905,"Census Tract 99.05, Miami-Dade County, Florida",5936,273,356,507,370,539,1152,690,609,700,344,327,69
12086009906,"Census Tract 99.06, Miami-Dade County, Florida",6111,357,312,487,555,443,871,732,697,895,355,328,79
12086010001,"Census Tract 100.01, Miami-Dade County, Florida",6856,224,515,594,631,424,446,1232,1122,646,482,428,112
12086010005,"Census Tract 100.05, Miami-Dade County, Florida",6818,221,253,316,331,366,873,884,871,839,1044,607,213
12086010006,"Census Tract 100.06, Miami-Dade County, Florida",7808,420,822,721,573,528,971,873,756,920,739,279,206
12086010009,"Census Tract 100.09, Miami-Dade County, Florida",6808,205,338,206,469,500,699,756,1030,1064,885,467,189
12086010010,"Census Tract 100.10, Miami-Dade County, Florida",4339,284,319,221,163,301,900,413,710,465,342,166,55
12086010011,"Census Tract 100.11, Miami-Dade County, Florida",6900,667,721,596,417,409,960,922,534,803,456,367,48
12086010012,"Census Tract 100.12, Miami-Dade County, Florida",5799,299,356,376,396,508,945,752,731,893,380,132,31
12086010013,"Census Tract 100.13, Miami-Dade County, Florida",4040,142,213,202,304,215,493,479,656,708,315,227,86
12086010015,"Census Tract 100.15, Miami-Dade County, Florida",3932,326,277,285,185,223,460,628,701,456,204,163,24
12086010016,"Census Tract 100.16, Miami-Dade County, Florida",5040,230,307,404,407,206,370,1004,556,513,588,337,118
12086010193,"Census Tract 101.93, Miami-Dade County, Florida",4612,345,443,338,266,263,651,707,686,467,300,138,8
12086010198,"Census Tract 101.98, Miami-Dade County, Florida",3637,169,309,316,195,253,462,499,675,375,236,124,24
12086010201,"Census Tract 102.01, Miami-Dade County, Florida",4269,136,235,321,370,328,577,579,778,538,288,83,36
12086010204,"Census Tract 102.04, Miami-Dade County, Florida",7258,263,338,525,506,554,844,1089,1016,1059,681,307,76
12086010205,"Census Tract 102.05, Miami-Dade County, Florida",5070,270,219,200,411,292,591,567,836,735,384,376,189
12086010207,"Census Tract 102.07, Miami-Dade County, Florida",3851,348,335,191,231,241,561,463,466,377,383,210,45
12086010208,"Census Tract 102.08, Miami-Dade County, Florida",5049,409,284,322,270,310,850,523,700,587,320,313,161
12086010209,"Census Tract 102.09, Miami-Dade County, Florida",6004,346,428,423,515,233,797,1028,918,700,330,191,95
12086010210,"Census Tract 102.10, Miami-Dade County, Florida",6341,280,357,465,419,413,724,1046,880,841,514,303,99
12086010300,"Census Tract 103, Miami-Dade County, Florida",8504,459,343,361,629,468,902,1063,1563,1115,932,515,154
12086010400,"Census Tract 104, Miami-Dade County, Florida",4594,366,332,295,265,238,724,570,810,473,296,188,37
12086010500,"Census Tract 105, Miami-Dade County, Florida",12858,577,1251,795,1023,552,1893,2320,1888,1224,1010,233,92
12086010604,"Census Tract 106.04, Miami-Dade County, Florida",4719,224,301,408,359,308,480,619,620,724,433,126,117
12086010606,"Census Tract 106.06, Miami-Dade County, Florida",6876,966,271,79,261,466,1248,625,930,1024,456,476,74
12086010608,"Census Tract 106.08, Miami-Dade County, Florida",5139,352,284,414,371,234,632,759,804,718,357,161,53
12086010609,"Census Tract 106.09, Miami-Dade County, Florida",5349,284,190,294,458,283,785,808,760,698,501,228,60
12086010610,"Census Tract 106.10, Miami-Dade County, Florida",4266,260,362,223,338,208,360,596,587,423,379,317,213
12086010612,"Census Tract 106.12, Miami-Dade County, Florida",10561,742,752,783,689,400,1322,1872,1549,1184,775,311,182
12086010613,"Census Tract 106.13, Miami-Dade County, Florida",5512,138,412,390,293,369,631,664,933,438,688,462,94
12086010614,"Census Tract 106.14, Miami-Dade County, Florida",9628,985,1117,685,713,543,1472,1618,1160,707,377,251,0
12086010617,"Census Tract 106.17, Miami-Dade County, Florida",8283,510,842,719,568,557,1214,1497,1244,443,330,345,14
12086010703,"Census Tract 107.03, Miami-Dade County, Florida",15448,913,1050,1351,1204,1009,1928,2523,2504,1498,982,425,61
12086010704,"Census Tract 107.04, Miami-Dade County, Florida",11587,1114,747,946,1300,729,1156,2165,1293,1050,607,374,106
12086010801,"Census Tract 108.01, Miami-Dade County, Florida",8422,744,793,786,792,760,1136,1274,925,571,316,294,31
12086010802,"Census Tract 108.02, Miami-Dade County, Florida",10280,1457,803,954,642,687,1876,1300,822,1126,351,262,0
12086010900,"Census Tract 109, Miami-Dade County, Florida",6505,580,533,462,609,563,955,574,1028,733,213,170,85
12086011001,"Census Tract 110.01, Miami-Dade County, Florida",9615,1236,694,502,509,823,1553,1102,1070,1119,649,282,76
12086011003,"Census Tract 110.03, Miami-Dade County, Florida",4960,241,254,551,415,294,432,694,828,394,377,402,78
12086011005,"Census Tract 110.05, Miami-Dade County, Florida",6343,578,279,393,505,421,720,1110,941,736,479,139,42
12086011007,"Census Tract 110.07, Miami-Dade County, Florida",9846,642,734,948,806,417,1728,1677,1184,731,718,193,68
12086011008,"Census Tract 110.08, Miami-Dade County, Florida",4117,376,377,477,244,211,643,647,393,427,231,91,0
12086011009,"Census Tract 110.09, Miami-Dade County, Florida",5654,673,433,579,428,109,929,850,666,509,260,143,75
12086011101,"Census Tract 111.01, Miami-Dade County, Florida",8663,1097,565,750,403,649,1678,1687,594,828,207,93,112
12086011102,"Census Tract 111.02, Miami-Dade County, Florida",7988,617,487,696,485,513,1545,959,830,898,644,141,173
12086011201,"Census Tract 112.01, Miami-Dade County, Florida",7141,842,795,687,427,443,1089,789,799,726,302,176,66
12086011202,"Census Tract 112.02, Miami-Dade County, Florida",7359,695,959,535,624,686,1314,575,1011,447,237,213,63
12086011300,"Census Tract 113, Miami-Dade County, Florida",9870,1325,944,722,697,596,1742,1223,943,912,505,219,42
12086011401,"Census Tract 114.01, Miami-Dade County, Florida",18709,1539,2046,1718,1538,940,2693,3457,2305,1041,1067,250,115
12086011403,"Census Tract 114.03, Miami-Dade County, Florida",6246,625,544,501,516,335,1124,420,710,741,420,248,62
12086011404,"Census Tract 114.04, Miami-Dade County, Florida",8729,533,630,715,479,592,1357,1736,1177,978,365,127,40
12086011500,"Census Tract 115, Miami-Dade County, Florida",6651,455,423,325,346,483,1179,752,888,814,506,303,177
12086011600,"Census Tract 116, Miami-Dade County, Florida",7050,433,560,444,363,607,771,1340,894,936,546,85,71
12086011700,"Census Tract 117, Miami-Dade County, Florida",6720,513,496,509,315,496,854,989,1139,635,496,187,91
12086011800,"Census Tract 118, Miami-Dade County, Florida",3509,266,119,182,181,123,493,319,496,591,416,277,46
12086011900,"Census Tract 119, Miami-Dade County, Florida",5735,347,319,407,309,472,626,933,812,694,442,323,51
12086012000,"Census Tract 120, Miami-Dade County, Florida",9014,717,511,597,566,675,1460,1475,1111,1086,598,152,66
12086012100,"Census Tract 121, Miami-Dade County, Florida",16306,1143,897,981,899,1534,2452,2699,2608,1371,1079,474,169
12086012200,"Census Tract 122, Miami-Dade County, Florida",5525,242,304,183,376,402,547,766,1072,494,475,420,244
12086012300,"Census Tract 123, Miami-Dade County, Florida",6832,274,398,400,461,451,858,824,1034,997,586,318,231
12086012400,"Census Tract 124, Miami-Dade County, Florida",10128,327,845,572,757,682,1768,1354,1270,1442,776,255,80
12086012500,"Census Tract 125, Miami-Dade County, Florida",6701,312,298,233,387,468,911,859,1223,1037,385,427,161
12086012600,"Census Tract 126, Miami-Dade County, Florida",7293,395,322,511,427,523,857,1097,1377,770,574,301,139
12086012700,"Census Tract 127, Miami-Dade County, Florida",11212,899,965,733,641,775,1350,1734,1772,1038,626,591,88
12086012800,"Census Tract 128, Miami-Dade County, Florida",9024,512,443,612,430,494,1188,1231,1267,1284,830,534,199
12086012900,"Census Tract 129, Miami-Dade County, Florida",4824,180,244,106,197,477,598,583,921,658,618,160,82
12086013000,"Census Tract 130, Miami-Dade County, Florida",4833,155,412,281,215,315,605,529,802,635,533,234,117
12086013100,"Census Tract 131, Miami-Dade County, Florida",6009,473,270,371,357,428,895,665,899,799,467,287,98
12086013200,"Census Tract 132, Miami-Dade County, Florida",6095,327,226,277,396,314,784,611,1273,680,787,247,173
12086013300,"Census Tract 133, Miami-Dade County, Florida",6309,409,308,374,374,328,846,1241,933,734,417,220,125
12086013400,"Census Tract 134, Miami-Dade County, Florida",5738,381,353,251,356,519,750,595,1056,747,448,207,75
12086013500,"Census Tract 135, Miami-Dade County, Florida",6088,311,418,365,294,609,776,873,871,721,457,313,80
12086013600,"Census Tract 136, Miami-Dade County, Florida",6055,259,246,351,622,403,484,767,1158,745,486,315,219
12086013700,"Census Tract 137, Miami-Dade County, Florida",6094,238,273,378,485,337,718,869,896,561,568,526,245
12086013800,"Census Tract 138, Miami-Dade County, Florida",8514,720,479,772,404,464,1523,1125,938,1196,534,256,103
12086013900,"Census Tract 139, Miami-Dade County, Florida",4605,46,191,322,198,235,661,549,896,604,480,342,81
12086014000,"Census Tract 140, Miami-Dade County, Florida",312,22,27,31,59,0,80,35,28,13,7,10,0
12086014100,"Census Tract 141, Miami-Dade County, Florida",2765,0,0,0,75,407,640,368,272,504,377,122,0
12086014200,"Census Tract 142, Miami-Dade County, Florida",4923,193,233,230,425,224,539,671,765,684,448,381,130
12086014300,"Census Tract 143, Miami-Dade County, Florida",3445,133,119,190,172,217,371,431,600,568,355,203,86
12086014400,"Census Tract 144, Miami-Dade County, Florida",4864,149,230,393,476,374,475,642,698,536,550,170,171
12086014500,"Census Tract 145, Miami-Dade County, Florida",4579,145,91,124,163,272,774,355,678,793,756,281,147
12086014600,"Census Tract 146, Miami-Dade County, Florida",8460,170,337,509,792,486,866,1081,1549,1123,998,404,145
12086014700,"Census Tract 147, Miami-Dade County, Florida",6133,313,309,131,267,257,1078,643,554,1080,644,602,255
12086014800,"Census Tract 148, Miami-Dade County, Florida",6448,323,235,163,397,419,834,848,1166,974,550,442,97
12086014900,"Census Tract 149, Miami-Dade County, Florida",5834,325,95,323,330,278,646,717,955,827,528,498,312
12086015000,"Census Tract 150, Miami-Dade County, Florida",9482,261,458,391,541,721,978,1056,1784,1076,1376,613,227
12086015100,"Census Tract 151, Miami-Dade County, Florida",13848,786,736,999,849,910,1754,2566,2358,1523,771,504,92
12086015200,"Census Tract 152, Miami-Dade County, Florida",7723,327,420,639,554,533,976,1398,1314,764,389,290,119
12086015300,"Census Tract 153, Miami-Dade County, Florida",6282,226,331,332,507,545,644,853,979,833,661,292,79
12086015400,"Census Tract 154, Miami-Dade County, Florida",5466,278,203,172,305,389,692,659,828,578,540,643,179
12086015500,"Census Tract 155, Miami-Dade County, Florida",6073,354,256,218,374,401,737,877,869,636,835,342,174
12086015600,"Census Tract 156, Miami-Dade County, Florida",4699,168,280,234,196,324,813,673,467,773,488,81,202
12086015700,"Census Tract 157, Miami-Dade County, Florida",2580,91,246,154,146,170,201,290,372,475,265,130,40
12086015800,"Census Tract 158, Miami-Dade County, Florida",4728,115,189,130,292,311,425,559,997,538,694,318,160
12086015900,"Census Tract 159, Miami-Dade County, Florida",3744,118,251,90,177,148,433,556,374,839,545,147,66
12086016000,"Census Tract 160, Miami-Dade County, Florida",4911,262,333,120,290,312,846,573,638,780,348,299,110
12086016100,"Census Tract 161, Miami-Dade County, Florida",4599,241,48,148,274,173,699,542,804,902,406,192,170
12086016200,"Census Tract 162, Miami-Dade County, Florida",3318,97,148,124,213,191,448,419,420,419,424,377,38
12086016300,"Census Tract 163, Miami-Dade County, Florida",4915,146,295,226,423,412,778,611,728,657,357,210,72
12086016400,"Census Tract 164, Miami-Dade County, Florida",7442,461,390,733,500,511,873,1126,1347,672,443,235,151
12086016500,"Census Tract 165, Miami-Dade County, Florida",9049,261,524,980,718,710,779,1571,1689,877,582,229,129
12086016600,"Census Tract 166, Miami-Dade County, Florida",3700,68,122,234,344,255,535,654,293,682,234,173,106
12086016700,"Census Tract 167, Miami-Dade County, Florida",4994,138,250,220,228,402,634,413,994,645,521,406,143
12086016800,"Census Tract 168, Miami-Dade County, Florida",4214,254,112,313,313,388,426,571,427,656,433,205,116
12086016900,"Census Tract 169, Miami-Dade County, Florida",4582,244,214,301,254,409,440,599,736,407,619,287,72
12086017000,"Census Tract 170, Miami-Dade County, Florida",5769,293,245,271,343,402,689,1018,1025,740,551,112,80
12086017100,"Census Tract 171, Miami-Dade County, Florida",6520,322,353,290,408,478,822,758,1223,787,566,338,175
12086017200,"Census Tract 172, Miami-Dade County, Florida",3896,135,305,264,97,266,519,605,464,451,522,181,87
12086017300,"Census Tract 173, Miami-Dade County, Florida",4597,217,233,60,228,207,480,687,953,636,513,245,138
12086017400,"Census Tract 174, Miami-Dade County, Florida",6042,246,259,203,424,475,443,735,1337,876,442,316,286
12086017500,"Census Tract 175, Miami-Dade County, Florida",4208,357,158,358,173,369,492,482,672,401,421,223,102
12086017600,"Census Tract 176, Miami-Dade County, Florida",7494,525,413,512,647,492,1072,1047,1217,673,545,225,126
12086017700,"Census Tract 177, Miami-Dade County, Florida",4385,140,95,170,348,409,640,534,880,723,280,98,68
12086017800,"Census Tract 178, Miami-Dade County, Florida",6583,177,309,555,504,354,827,1404,1049,682,265,382,75
12086017900,"Census Tract 179, Miami-Dade County, Florida",8962,329,463,564,662,819,1084,858,1853,1080,786,291,173
12086018000,"Census Tract 180, Miami-Dade County, Florida",11612,1254,413,479,836,985,1929,1485,1978,834,577,652,190
12086018100,"Census Tract 181, Miami-Dade County, Florida",5179,323,277,209,208,408,618,626,790,723,527,355,115
12086018200,"Census Tract 182, Miami-Dade County, Florida",2914,184,202,189,218,253,271,506,364,354,240,92,41
12086018300,"Census Tract 183, Miami-Dade County, Florida",5710,252,301,318,450,373,811,794,966,820,343,144,138
12086018400,"Census Tract 184, Miami-Dade County, Florida",3910,314,279,127,241,294,611,590,649,419,233,135,18
12086018500,"Census Tract 185, Miami-Dade County, Florida",4686,409,234,237,372,434,690,444,769,495,376,140,86
12086018600,"Census Tract 186, Miami-Dade County, Florida",9275,343,457,550,699,568,1587,992,1523,1077,599,784,96
12086018700,"Census Tract 187, Miami-Dade County, Florida",4881,246,254,293,281,356,421,531,865,783,366,321,164
12086018800,"Census Tract 188, Miami-Dade County, Florida",8876,561,483,488,599,447,1419,1408,1430,811,750,363,117
12086018900,"Census Tract 189, Miami-Dade County, Florida",6634,215,340,424,358,309,646,914,1169,919,799,390,151
12086019000,"Census Tract 190, Miami-Dade County, Florida",5969,350,331,305,355,401,814,837,700,958,629,263,26
12086019100,"Census Tract 191, Miami-Dade County, Florida",4767,218,232,98,73,467,535,556,441,957,719,347,124
12086019200,"Census Tract 192, Miami-Dade County, Florida",5071,330,284,254,395,255,605,664,809,722,570,157,26
12086019300,"Census Tract 193, Miami-Dade County, Florida",7186,383,290,664,468,669,859,1303,1140,777,307,308,18
12086019400,"Census Tract 194, Miami-Dade County, Florida",8428,832,419,768,288,600,1167,1263,1477,907,355,233,119
12086019500,"Census Tract 195, Miami-Dade County, Florida",7506,325,285,721,497,503,812,1002,1480,1043,445,270,123
12086019600,"Census Tract 196, Miami-Dade County, Florida",6611,456,619,590,448,361,739,1042,1073,716,293,194,80
12086019700,"Census Tract 197, Miami-Dade County, Florida",3900,245,112,286,497,197,404,510,599,529,380,60,81
12086019800,"Census Tract 198, Miami-Dade County, Florida",9855,784,461,750,478,359,1419,1369,1809,949,769,593,115
12086019900,"Census Tract 199, Miami-Dade County, Florida",11924,747,584,885,946,774,1932,1536,1828,1349,817,383,143
12086020000,"Census Tract 200, Miami-Dade County, Florida",7475,325,258,533,617,805,679,1042,1253,789,472,651,51
12086020100,"Census Tract 201, Miami-Dade County, Florida",4783,195,150,319,311,405,585,582,863,577,495,293,8
12086020200,"Census Tract 202, Miami-Dade County, Florida",4891,185,341,144,173,167,846,803,862,621,495,218,36
12086020300,"Census Tract 203, Miami-Dade County, Florida",3440,225,181,104,188,191,556,424,500,541,318,138,74
12086490100,"Census Tract 4901, Miami-Dade County, Florida",1620,50,51,17,68,42,282,167,313,276,160,127,67
12086980100,"Census Tract 9801, Miami-Dade County, Florida",0,0,0,0,0,0,0,0,0,0,0,0,0
12086980200,"Census Tract 9802, Miami-Dade County, Florida",0,0,0,0,0,0,0,0,0,0,0,0,0
12086980300,"Census Tract 9803, Miami-Dade County, Florida",4755,0,4,0,2851,1797,69,9,13,7,5,0,0
12086980400,"Census Tract 9804, Miami-Dade County, Florida",0,0,0,0,0,0,0,0,0,0,0,0,0
12086980500,"Census Tract 9805, Miami-Dade County, Florida",0,0,0,0,0,0,0,0,0,0,0,0,0
12086980600,"Census Tract 9806, Miami-Dade County, Florida",0,0,0,0,0,0,0,0,0,0,0,0,0
12086980700,"Census Tract 9807, Miami-Dade County, Florida",1054,146,226,134,97,112,128,92,17,56,25,21,0
12086980800,"Census Tract 9808, Miami-Dade County, Florida",0,0,0,0,0,0,0,0,0,0,0,0,0
12086980900,"Census Tract 9809, Miami-Dade County, Florida",0,0,0,0,0,0,0,0,0,0,0,0,0
12086981000,"Census Tract 9810, Miami-Dade County, Florida",0,0,0,0,0,0,0,0,0,0,0,0,0
12086990000,"Census Tract 9900, Miami-Dade County, Florida",0,0,0,0,0,0,0,0,0,0,0,0,0
